13609604,13609616,13609608,13609610,13609611,13609615
13609616,13609605,13609608,13609610,13609611,13609614
13609604,13609605,13609616,13609610,13609608,13609617
13609615,13609617,13609610,13609614,13609634,13609635
13609616,13609608,13609614,13609610,13609611,13609634
13609604,13609605,13609616,13609608,13609611,13609614
13609604,13609616,13609614,13609610,13609611,13609613
13609604,13609608,13609614,13609610,13609611,13609613
13609616,13609605,13609608,13609615,13609614,13609634
13609604,13609605,13609616,13609610,13609613,13609606
13609616,13609615,13609610,13609614,13609613,13609606
13609605,13609616,13609610,13609608,13609606,13609634
13609616,13609608,13609613,13609634,13609617,13609626
13609605,13609616,13609613,13609617,13609635,13609606
13609616,13609617,13609614,13609613,13609606,13609627
13609617,13609634,13609635,13609613,13609650,13609614
13609605,13609613,13609606,13609616,13609627,13609649
13609613,13609605,13609634,13609635,13609673,13609626
13609605,13609634,13609635,13609673,13609627,13609649
13609650,13609606,13609605,13609635,13609673,13609627
13609606,13609634,13609605,13609627,13609649,13609626
13609650,13609606,13609634,13609605,13609608,13609662
13609650,13609605,13609634,13609608,13609625,13609649
13609606,13609634,13609673,13609627,13609625,13609623
13609635,13609673,13609662,13609630,13609644,13609625
13609635,13609634,13609662,13609644,13609623,13609625
13609635,13609634,13609608,13609644,13609626,13609625
13609635,13609662,13609644,13609626,13609646,13609624
13609608,13609662,13609630,13609660,13609644,13609626
13609650,13609635,13609662,13609630,13609660,13609626
13609635,13609662,13609625,13609623,13609646,13609624
13609650,13609635,13609662,13609630,13609660,13609608
13609630,13609635,13609660,13609623,13609646,13609626
13609652,13609662,13609673,13609644,13609626,13609640
13609662,13609660,13609630,13609623,13609646,13609626
13609630,13609646,13609623,13609640,13609652,13609641
13609652,13609673,13609640,13609646,13609641,13609653
13609630,13609660,13609640,13609652,13609653,13609620
13609662,13609660,13609640,13609652,13609673,13609620
13609660,13609630,13609652,13609653,13609620,13609662
